id_oferta|nombre_corto|nombre_largo|precio_regular|descuento|ahorro|fecha_creacion|fecha_finaliz|descripcion_oferta|condiciones_oferta|url_oferta|estado|empresa
11663|¡Como para chuparse los dedos! Combo Mr. Grill: Chancho + Pollo + Chorizo y más|¡Para ti solit@! S/. 21.90 en vez de S/. 49.99 por Combo MR. GRILL: Chancho crocante a la caja china + Pieza de Pollo ahumado al cilindro + Chorizo parrillero con finas hierbas + Papitas coctel y más|49.99|56.0|28.09|06-04-2015 22:00:00|'2015/04/08 23:59:59'|Todo sobre la oferta^^¡Banquete parrillero! Si estás tentad@ de disfrutar de la exquisitez de un chancho a la caja china, aprovecha este 56% de descuento sin que te carcoma la conciencia ;)^La oferta incluye:^^• 200 gr. de Chancho crocante a la Caja China^^• 1 Pieza de Pollo^^• Picadas de Chorizo^^• Papas coctel^^• Ensalada parrillera^^• Salsa de Ají de la Casa^^¡Conoce más sobre la caja china y el cilindro de Mr. Grill!|Lo que debes Saber^^Podrás usar este cupón únicamente los días sábados y domingos hasta el 26 de abril de 2015. ^1 OferTOP por persona.^^Horario de reservas: lunes a viernes de 9 a.m. a 6 p.m.^^Horario de atención: sábados y domingos de 12.30 m. a 4 p.m. Oferta no válida para feriados.^^Recoge tu combo Mr. Grill previa reserva, con 48 horas de anticipación, necesariamente enviando tu cupón a  info@mrgrill.com.pe. ^^Para consultas llamar al 682-1461 / 99112-2662.^^Oferta válida solo para llevar. ^No olvides presentar tu cupón impreso en el establecimiento.^^Las imágenes mostradas son referenciales.^^Stock mínimo disponible: 5.^^Reservas sujetas a disponibilidad.^^Una vez realizada la reserva no se aceptarán cambios de fecha, ni cancelaciones.^^Conoce las Políticas y condiciones que aplican a todas nuestras ofertas.^^Realiza tus pagos en efectivo.^^¡Te enviaremos tu OferTOP después de realizar tu compra! No más esperas, para que lo puedas disfrutar cuando te provoque, previa reserva.^^Si en un plazo de 1 hora luego de realizar tu compra no recibes tu cupón OferTOP en tu correo electrónico registrado, por favor escríbenos a clientes@ofertop.pe y te daremos una pronta solución (Coloca en el asunto: Cupón no recibido).|http://ofertop.pe/como-para-chuparse-dedos-combo-grill-chancho-pollo-chorizo-mas--109-11663.html|True|69b11e4b32f024abd179c930ab4c236a40477584
11293|Lasagna en sabor a elegir + 1 Porción de pan al ajo y más en La Pastana|¡Delicia italiana! Desde S/. 36.50 por Lasagna en sabor a elegir (1 o 3 kg.) + 1 Porción de pan al ajo o napolitanos + Ensalada grande y más, según elijas, en LA PASTANA (Exclusivo para Delivery)|68.9|47.0|32.4|06-04-2015 22:00:00|'2015/04/07 23:59:59'|Todo sobre la oferta^^¿Reunión en casa? Si estas planeando una cena entre amigos o familiares, sorpréndelos con este delicioso banquete italiano de LA PASTANA, listo para calentar y servir ¡Disfrútalo con 47% de descuento!^La oferta incluye:^OPCION 1: ¡Para 2 personas!^^ S/. 36.50 en vez de S/. 68.90 por: ^^• 1 Kg. de lasagna en sabor a elegir.^^• 1/2 docena de pan al ajo o napolitanos.^^• 1 Lt. de limonada de hierbabuena con frutos rojos.^^OPCION 2: ¡Para 4 personas!^^S/. 82.90 en vez de 137.90 por: ^^• 2 Kg. de lasagna en sabor a elegir^^• 1 docena de pan al ajo o napolitanos^^• 2 Lt. de limonada de hierbabuena con frutos rojos^^OPCION 3: ¡Para 8 personas!^^S/. 161 en vez de 247.80 por:^^• 3 Kg de lasagna en sabor a elegir^^• 2 docenas de pan al ajo o napolitanos.^^• 4 Lt. de limonada de hierbabuena con frutos rojos.^^• 1 ensalada grande a elección.^^OPCION 4: ¡Para 12 personas! ^^S/. 309 en vez de 441.90 por: ^^• 2 lasagnas en sabor a elegir de 3 Kg. c/u^^• 4 docenas de pancitos al ajo o napolitanos.^^• 5 Lt. de limonada de hierbabuena con frutos rojos.^^• 2 ensaladas grandes a elección.^^Podrás elegir las siguientes opciones:^• Lasagna de carne: capas de salsa de carne y salsa blanca, servida con queso parmesano y mozzarella.^• Lasagna de pollo con champiñones: capas de salsa blanca con pollo y champiñones flambeados, servida con queso parmesano y mozzarella.^• Lasagna de chancho BBQ: capas de salsa blanca con chancho deshilachado acompañado de una salsa BBQ ligeramente dulce, servida con queso parmesano y mozzarella.^• Lasagna de lomo en salsa de nueces: capas de salsa blanca con trozos de lomo sazonados acompañados de una salsa de nueces, servida con queso parmesano y mozzarella.^^Podrás elegir el tipo de ensalada que desees: ^• Ensalada La Pastana: lechuga romana, espinaca, tocino, champiñones, crutones y queso parmesano.^• Ensalada Mamma Quinoa: filetes de pollo, quinoa, lechuga romana, espinacas, tomate, queso fresco y choclo.^• Ensalada Bellezza di prosciutto: prosciutto, champiñones, tomate cherry, lechuga romana, pecanas acarameladas y queso azul.^^• Pan al ajo especial: acompañado de queso mozzarella^• Napolitanos: pan con salsa de tomate, orégano y queso mozzarella^• Combinado: pan al ajo especial y napolitanos en un solo pedido|Lo que debes Saber^^Podrás usar este cupón hasta el 26 de abril del 2015.^^1 Ofertop para 2, 4, 8 o 12 personas, según elijas.^^Horario de reservas: de lunes a viernes de 9 a.m a 5 p.m. ^^El servicio de delivery se realizará únicamente los días viernes, sábados y domingos. ^Horario del delivery: viernes de 5 p.m. a 11:00 p.m / sábados de 11 a.m a 11 p.m / domingos de 11 a.m a 9 p.m. ^^Costo de delivery NO incluido. El pago por servicio delivery es de S/. 4.90, este se debe realizar al motorizado al momento de la entrega. ^Oferta no válida para feriados ^^Para confirmar tu pedido, debes llamar con un mínimo de 2 horas de anticipación al 954 740 312.^^Delivery válido para los siguientes distritos: La Molina, Surco, San Borja, San Isidro, Miraflores y Surquillo.^^No olvides indicar el código de tu cupón al momento de solicitar el delivery.^^Visita a La Pastana en su página de Facebook. ^Las imágenes mostradas son referenciales.^^Una vez realizada la reserva solo se aceptarán cambios de fecha y cancelaciones con 24 horas de anticipación.^^Conoce las Políticas y condiciones que aplican a todas nuestras ofertas.^^Realiza tus pagos en efectivo.^^¡Te enviaremos tu OferTOP después de realizar tu compra! No más esperas, para que lo puedas disfrutar cuando te provoque, previa reserva.^^Si en un plazo de 1 hora luego de realizar tu compra no recibes tu cupón OferTOP en tu correo electrónico registrado, por favor escríbenos a clientes@ofertop.pe y te daremos una pronta solución (Coloca en el asunto: Cupón no recibido).|http://ofertop.pe/lasagna-sabor-elegir-1-porcion-pastana--109-11293.html|True|7425e3f3a951c8eed0a2a78e695b104e2d454eb4
11746|¡Ya vuelta! 2 Salchipapas "La Huambrilla" + Refill de gaseosa en El Papapa|¡Antojo para 2! S/. 21 en vez de S/. 35.80 por: 2 Salchipapas "Huambrillas" de chorizo de la Selva con abundante papa crocante y huevo frito montado + Refill de gaseosa (ilimitado) en EL PAPAPA|35.8|41.0|14.8|06-04-2015 22:00:00|'2015/04/09 23:59:59'|Todo sobre la oferta^^¡Qué rico antojo! Que no se te haga agua la boca mientras te imaginas probando esta exquisita salchipapa. Disfrútala en compañía de quien quieras y ¡vive esta aventura de sabor con 41% de descuento! ¿Quién dijo YO?^La oferta incluye:^• 2 Salchipapas "La Huambrilla" preparadas con chorizo de la selva, huevo frito montado y crocantes papas fritas. Podrás acompañarlas con las salsas de la casa. ^^• Refill de gaseosa: podrás recargar tu vaso de gaseosa (Pepsi) todas las veces que quieras.^^El Papapa es el primer Fast food con refill de gaseosa en el Perú. Sin duda, uno de los platos más deliciosos para disfrutar son las salchipapas, por ello te traemos este OferTOP que no puedes dejar pasar. ¡Anímate y pregunta por los tipos de salchichapas que El Papapa ofrece!|Lo que debes Saber^^Podrás usar este cupón hasta el 30 de abril de 2015.^^1 OferTOP para 2 personas. ^^Máximo 2 cupones por mesa.^^Horario de atención: de lunes a jueves de 4 p.m. a 12 a.m. / viernes y sábados de 4 p.m. a 1 a.m. / domingos de 4 p.m. a 12 a.m.^^Oferta no válida para feriados.^^La atención se realizará sin previa reserva.^^Para consultas llamar al 273-4564.^^Las imágenes mostradas son referenciales. ^^No olvides presentar tu cupón impreso en el establecimiento.^^Stock mínimo disponible: 10^^Conoce las Políticas y condiciones que aplican a todas nuestras ofertas.^^Realiza tus pagos en efectivo.^^¡Te enviaremos tu OferTOP después de realizar tu compra! No más esperas, para que lo puedas disfrutar cuando te provoque. ^^Si en un plazo de 1 hora luego de realizar tu compra no recibes tu cupón OferTOP en tu correo electrónico registrado, por favor escríbenos a clientes@ofertop.pe y te daremos una pronta solución (Coloca en el asunto: Cupón no recibido).|http://ofertop.pe/vuelta-2-salchipapas-huambrilla-refill-gaseosa-papapa--109-11746.html|True|033939d81d9daad11ba695908e063d099231e988
11873|¡Para 1 o 2 personas! Leche de Tigre o Chaufa de cecina con langostinos y más en Micalo|¡Para 1 o 2! Desde S/. 27.90 por Combo Micalo: 1 Leche de Tigre (660 ml.) o 1 Chaufa de cecina c/ langostinos + Tequeños + 1 o 2 bebidas, según elijas, en MICALO Ceviches y Tiraditos Bar|45.0|38.0|17.1|06-04-2015 22:00:00|'2015/04/08 23:59:59'|Todo sobre la oferta^^¡Un almuerzo marino ideal! Con esta promoción no tendrás excusa para no disfrutar de los riquísimos platillos de Micalo Ceviches y Tiraditos Bar y su especialidad con los frutos del mar. ¡Complace a tu pareja o familia, con hasta 46% de descuento!^La oferta incluye: ^OPCION 1:^¡Para 1 persona! ^^S/. 27.90 en vez de S/. 45 por:^^• 1 Leche de tigre Micalo (660ml.) o 1 Chaufa de cecina con langostinos^^• 1 Porción de Tequeños^^• 1 Vaso de chicha ^^OPCION 2:^¡Para 2 personas!^^S/. 34.90 en vez de S/. 65 por:^^• 1 Leche de tigre Micalo (660ml.) ^^• 1 Chaufa de cecina con langostinos^^• 1 Porción de Tequeños^^• 2 vasos de chicha ^^Descripción:^^- La leche de tigre Micalo (660 ml.) de mariscos y es acompañada de chicharrón de calamar y chifle.^^^- En este combo marino encontrarás los más frescos pescados y mariscos, sazonados con los más selectos ingredientes, que dan como resultados estos exquisitos platos que gozarás hasta el final.^^¡Disfrútalo, si deseas, acompañado de una personas más!|Lo que debes Saber^^Podrás usar este cupón hasta el 31 de mayo de 2015.^^1 OferTOP para 1 o 2 personas.^^Oferta válida únicamente para el local de Chorrillos.^^Horario de atención: de martes a viernes de 12 m. a 4:30 p.m. (sin previa reserva). Oferta no válida para fines de semana ni feriado^^Comunicarse al 97745-3485 para consultar disponibilidad de la leche de tigre. ^Válido solo para consumo dentro del salón.s.^^La oferta no es válida para llevar ni para delivery.^^No acumulable con otras ofertas/canjes y otras promociones.^^Stock mínimo disponible: 5.^^Indispensable llevar cupón impreso. ^Las imágenes mostradas son referenciales.^^Conoce las Políticas y condiciones que aplican a todas nuestras ofertas.^^Realiza tus pagos en efectivo.^^¡Te enviaremos tu OferTOP después de realizar tu compra! No más esperas, para que lo puedas disfrutar cuando te provoque.^^Si en un plazo de 1 hora luego de realizar tu compra no recibes tu cupón OferTOP en tu correo electrónico registrado, por favor escríbenos a clientes@ofertop.pe y te daremos una pronta solución (Coloca en el asunto: Cupón no recibido).|http://ofertop.pe/para-1-2-personas-leche-tigre-chaufa-cecina-langostinos-micalo--109-11873.html|True|0fe3d40725cd4af30fa563370641d87e4f7fc71e
11924|¡Sabor y tradición! Sánguche de chicharrón + Bebida y más en El Chinito|Desde S/. 13.90 por 1 o 2 Sánguches de chicharrón con camote + Sarza criolla + 1 o 2 Bebidas en Sanguchería EL CHINITO de Miraflores|20.0|30.0|6.1|06-04-2015 22:00:00|'2015/04/09 23:59:59'|Todo sobre la oferta^^¿Cuántas veces escuchaste hablar de "El Chinito" y sus chicharrones? Que no te lo cuenten más, ya que con este 30% de descuento estás obligado a disfrutar de los mejores platos que El Chinito tiene para ti^La oferta incluye:^OPCIÓN 1:^^S/. 13.90 en vez de S/. 20 por:^• 1 Sánguche de chicharrón con camote: que, con el toque criollo característico acompañado de sus ricas cremas, deleitarán su paladar^^• Sarza criolla^• 1 Bebida: podrás elegir entre chicha, emoliente helado o café^^OPCIÓN 2:^^S/. 29.90 en vez de S/. 42.90 por:^• 2 Sánguches de chicharrón con camote que, con el toque criollo característico acompañado de sus ricas cremas, deleitarán su paladar^^• 1 Tamal^^• Sarza criolla^• 2 Bebidas: podrás elegir entre chicha, emoliente helado o café|Lo que debes Saber^^Podrás usar este cupón hasta el 8 de mayo de 2015.^^1 OferTOP para 1 o 2 personas.^^Horario de atención: de lunes a jueves de 8 a.m. a 3 p.m. y de 6 p.m. a 10 p.m. / viernes de 8 a.m. a 10 p.m.^^No válido para sábados, domingos ni feriados.^^No necesitas reservar, solo acercarte con tu cupón.^^Consultar el costo por servicio de delivery válido para Miraflores y algunas zonas de San Isidro, Surquillo, Barranco o Surco (rango de entre S/. 3.50 a S/. 8). Informes: 447-2447.^^No acumulable con otras promociones.^^Stock mínimo: 10.^^No olvides presentar tu cupón impreso en el establecimiento.^^Las imágenes mostradas son referenciales.^^Conoce las Políticas y condiciones que aplican a todas nuestras ofertas.^^Realiza tus pagos en efectivo.^^¡Te enviaremos tu OferTOP después de realizar tu compra! No más esperas, para que lo puedas disfrutar cuando te provoque. ^^Si en un plazo de 1 hora luego de realizar tu compra no recibes tu cupón OferTOP en tu correo electrónico registrado, por favor escríbenos a clientes@ofertop.pe y te daremos una pronta solución (Coloca en el asunto: Cupón no recibido).|http://ofertop.pe/sabor-tradicion-sanguche-chicharron-bebida-chinito--109-11924.html|True|9ac42077ba8a693ed0796235fd22697bdf2e24ba
12035|Buffet Peruano en Puro Perú. ¡Come todo lo que quieras!|Desde S/. 49.90 por Buffet Peruano para 1 o 2 personas + Copa o Botella de vino, según elijas, en PURO PERÚ.|100.0|50.0|50.1|06-04-2015 22:00:00|'2015/04/07 23:59:59'|Todo sobre la oferta^^¿De buen filo? ¡Te tenemos preparado un banquetazo! Aprovecha este 50% de descuento para acceder a un riquísimo buffet peruano que promete dejarte más que satisfecho. ¡Alista cubiertos!^^La oferta incluye:^OPCIÓN 1:^^S/. 49.90 en vez de S/.100 por:^^• Buffet Peruano para 1 persona^^• 1 Copa de vino^^OPCIÓN 2:^^S/. 99.90 en vez de S/. 200 por:^^• Buffet Peruano para 2 personas^^• 1 Botella de vino INTIPALKA^^Descripción:^- Salad bar: variedad de lechugas, zanahorias, pepinos, beterragas, queso fresco, huevos de codorniz, espárragos, brócoli, coliflor, rabanitos y más.^^- Ensaladas: solterito, mixta, alemana, césar, entre otras. (3 ensaladas por día).^^- Entradas frías: causa limeña, causa de pulpa de cangrejo, cebiche de pescado, escabeche de pescado, tiradito en crema de rocoto, tiradito en crema de ají amarillo, choritos a la chalaca, pulpo al olivo, leche de tigre, entre otras variedades. ^^- Platos calientes: arroz con mariscos, rocoto relleno, lomo de cerdo en salsa hawaiana, pollo en salsa de ostión, pollo en salsa de champiñones, en rollado de lenguado, pescado al ajo o ajillo, entre otros.^^- Platos criollos: ají de gallina, olluquito con carne, carapulcra, cabrito a la norteña, tamales, chicharrón de cerdo, frejoles y seco de carne. ^^- Sopas: parihuela, sancochado o chupe de camarones (1 sopa por día).^^- Arroces: arroz con mariscos, arroz a la jardinera, arroz al olivar, arroz con calamar, arroz árabe o paella (1 plato al día). ^^- Grill: anticuchos, chorizo, morcilla, bife, verduras a la parrilla, pollo a la parrilla, ajos asados, costillar y papas fritas. ^^- Pastas y Flambeados: ravioles, capeletis, tortellinis, spaghetti, fetuccini, entre otras delicias. ^^- Wok: variedad de chaufas y salteados ^^- Postres: variedad de frutas, helados, mazamorra morada, arroz con leche, flan de coco, peritas al vino, delicia de maracuyá, pionono, crocante de  lúcuma, suspiro a la limeña, tres leche, pie de limón, entre otro. ^^- Sushi Bar: california roll, salad roll, avocado roll, salmón roll, acebichado roll, furai roll y más. ^^Beneficio OferTOP: 10% de descuento en botellas de vino. ^^TOMAR BEBIDAS ALCOHÓLICAS EN EXCESO ES DAÑINO PARA LA SALUD|Lo que debes Saber^^Podrás usar este cupón hasta el 9 de mayo de 2015.^^1 OferTOP para 1 o 2 personas.^^Máximo 5 OferTOPs por mesa.^^Horario de atención: sábado de 12 m. a 5 p.m. ^^La atención se realizará previa reserva, con 24 horas de anticipación, llamando al 477-0111 o escribiendo a reservas@puroperu.com.pe^^La oferta no incluye bebidas adicionales.^^Oferta no válida para feriados ni días festivos.^^No acumulable con otras promociones.^^No olvides presentar tu cupón impreso en el establecimiento.^^Las imágenes mostradas son referenciales.^^Reservas y platos sujetos a disponibilidad.^^Stock mínimo disponible: 10.^^Una vez realizada la reserva no se aceptarán cambios de fecha, ni cancelaciones.^^Conoce las Políticas y condiciones que aplican a todas nuestras ofertas.^^Realiza tus pagos en efectivo.^^¡Te enviaremos tu OferTOP después de realizar tu compra! No más esperas, para que lo puedas disfrutar cuando te provoque, previa reserva.^^Si en un plazo de 1 hora luego de realizar tu compra no recibes tu cupón OferTOP en tu correo electrónico registrado, por favor escríbenos a clientes@ofertop.pe y te daremos una pronta solución (Coloca en el asunto: Cupón no recibido).|http://ofertop.pe/buffet-peruano-puro-peru-come-todo-quieras--109-12035.html|True|479f0d4b70bb19be63f1451f5eca669c631d0e71
11878|¡Delicioso! 2 Frosty de fruta en Big Lila Café|¡Lo mejor para refrescarte! Desde S/. 11.90 por 2 o 4 Frosty de fruta en BIG LILA CAFÉ. ¡Elige el sabor de tu frosty!|20.0|40.0|8.1|06-04-2015 22:00:00|'2015/04/07 23:59:59'|Todo sobre la oferta^^Nada mejor en verano que refrescarnos con un delicioso frosty de Big Lila Café. ¿Ya pediste el tuyo? No lo dejes pasar con 40% de descuento. ¡Vuela que se acaban! ^La oferta incluye:^OPCIÓN 1:^^S/. 11.90 en vez de S/. 20 por: ¡Para 2! ^^• 2 Frosty de fruta de 16 oz.^^OPCIÓN 2:^^S/. 20.90 en vez de S/. 40 por: ¡Para 4! ^^• 4 Frosty de fruta de 16 oz.^^Elige el sabor de tu frosty:^^- Fresa, Mango, Piña, Maracuyá, Papaya y Chocolate.^^¡No esperes más y refréscate ya :)!|Lo que debes Saber^^Podrás usar este cupón hasta el 5 de mayo de 2015.^^1 OferTOP para 2 o 4 personas, según elijas.^^Máximo 2 OferTOPs por mesa. ^^Horario de atención: de lunes a viernes de 7 a.m. a 10 p.m. / sábado de 8 a.m. a 4 p.m.  ^^No se requiere realizar reservas para la atención. ^^Oferta no válida para domingos ni feriados.^^La oferta es válida para consumir en el local o para llevar.^^No aplica para smooties adicionales y extras^^Sabores sujetos a disponibilidad.^^No olvides presentar tu cupón impreso en el establecimiento.^^Las imágenes mostradas son referenciales. ^^Conoce las Políticas y condiciones que aplican a todas nuestras ofertas.^^Realiza tus pagos en efectivo.^^¡Te enviaremos tu OferTOP después de realizar tu compra! No más esperas, para que lo puedas disfrutar cuando te provoque.^^Si en un plazo de 1 hora luego de realizar tu compra no recibes tu cupón OferTOP en tu correo electrónico registrado, por favor escríbenos a clientes@ofertop.pe y te daremos una pronta solución (Coloca en el asunto: Cupón no recibido).|http://ofertop.pe/delicioso-2-frosty-fruta-lila-cafe--109-11878.html|True|325bd4a54df6a4c4676ae2f2fe474419bbfdbe1d
11744|¡Qué rico! Buffet Peruano para 1 o 2 personas en Puro Perú|Desde S/. 48 por Buffet Peruano para 1 o 2 personas + Pisco sours, según elijas, en PURO PERÚ|100.0|52.0|52.0|06-04-2015 22:00:00|'2015/04/09 23:59:59'|Todo sobre la oferta^^¿De buen filo? ¡Te tenemos preparado un banquetazo! Aprovecha este 52% de descuento para acceder a un riquísimo buffet peruano que promete dejarte más que satisfecho. ¡Alista cubiertos!^La oferta incluye:^OPCIÓN 1:^^S/. 48 en vez de S/.100 por:^^- Buffet Peruano para 1 persona^^- 1 Pisco sour^^OPCIÓN 2:^^S/. 89 en vez de S/. 200 por:^^- Buffet Peruano para 2 personas^^- 2 Pisco sours^^Descripción:^- Salad bar: variedad de lechugas, zanahorias, pepinos, beterragas, queso fresco, huevos de codorniz, espárragos, brócoli, coliflor, rabanitos y más.^^- Ensaladas: solterito, mixta, alemana, césar, entre otras. (3 ensaladas por día).^^- Entradas frías: causa limeña, causa de pulpa de cangrejo, cebiche de pescado, escabeche de pescado, tiradito en crema de rocoto, tiradito en crema de ají amarillo, choritos a la chalaca, pulpo al olivo, leche de tigre, entre otras variedades. ^^- Platos calientes: arroz con mariscos, rocoto relleno, lomo de cerdo en salsa hawaiana, pollo en salsa de ostión, pollo en salsa de champiñones, en rollado de lenguado, pescado al ajo o ajillo, entre otros.^^- Platos criollos: ají de gallina, olluquito con carne, carapulcra, cabrito a la norteña, tamales, chicharrón de cerdo, frejoles y seco de carne. ^^- Sopas: parihuela, sancochado o chupe de camarones (1 sopa por día).^^- Arroces: arroz con mariscos, arroz a la jardinera, arroz al olivar, arroz con calamar, arroz árabe o paella (1 plato al día). ^^- Grill: anticuchos, chorizo, morcilla, bife, verduras a la parrilla, pollo a la parrilla, ajos asados, costillar y papas fritas. ^^- Pastas y Flambeados: ravioles, capeletis, tortellinis, spaghetti, fetuccini, entre otras delicias. ^^- Wok: variedad de chaufas y salteados ^^- Postres: variedad de frutas, helados, mazamorra morada, arroz con leche, flan de coco, peritas al vino, delicia de maracuyá, pionono, crocante de  lúcuma, suspiro a la limeña, tres leche, pie de limón, entre otro. ^^- Sushi Bar: california roll, salad roll, avocado roll, salmón roll, acebichado roll, furai roll y más. ^^Beneficio OferTOP: 10% de descuento en botellas de vino. ^^TOMAR BEBIDAS ALCOHÓLICAS EN EXCESO ES DAÑINO PARA LA SALUD|Lo que debes Saber^^Podrás usar este cupón hasta el 22 de mayo de 2015.^^1 OferTOP para 1 o 2 personas, según elijas.^^Máximo 3 OferTOPs por mesa.^^Horario de atención: de martes a sábado de 12 m. a 5 p.m.^^La atención se realizará previa reserva, con 72 horas de anticipación, llamando al 477-0111 o escribiendo a reservas@puroperu.com.pe (adjuntar cupón)^^Deberás presentar tu cupón antes de ser atendido, caso contrario una vez emitida la factura o boleta se cobrará el 100% del valor de lo consumido.^^La oferta no incluye bebidas adicionales.^^Oferta válida para mayores de edad. ^^Oferta no válida para llevar, solo para consumo en el local. ^^Penalidad por No show: 100% de la oferta. ^Precio incluye IGV. ^^No incluye propina. ^^No aplica para mayoristas.^^No acumulable con otras promociones.^^No olvides presentar tu cupón impreso en el establecimiento.^^Las imágenes mostradas son referenciales.^^Reservas y platos sujetos a disponibilidad.^^Stock mínimo disponible: 10.^^Una vez realizada la reserva no se aceptarán cambios de fecha, ni cancelaciones.^^Conoce las Políticas y condiciones que aplican a todas nuestras ofertas.^^Realiza tus pagos en efectivo.^^¡Te enviaremos tu OferTOP después de realizar tu compra! No más esperas, para que lo puedas disfrutar cuando te provoque, previa reserva.^^Si en un plazo de 1 hora luego de realizar tu compra no recibes tu cupón OferTOP en tu correo electrónico registrado, por favor escríbenos a clientes@ofertop.pe y te daremos una pronta solución (Coloca en el asunto: Cupón no recibido).|http://ofertop.pe/rico-buffet-peruano-para-1-2-personas-puro-peru--109-11744.html|True|479f0d4b70bb19be63f1451f5eca669c631d0e71
12134|2 Entradas + Piqueo + Bebidas en "Folclor en La Candelaria"|Desde S/. 35 por 2 o 4 Entradas al espectáculo “Folclor en La Candelaria” + Fuente de piqueo + Cervezas Backus Ice en LA CANDELARIA. Válido los viernes y sábados|103.0|66.0|68.0|06-04-2015 22:00:00|'2015/04/08 23:59:59'|Todo sobre la oferta^^¡Show Folklórico! OferTOP quiere que vivas al máximo nuestra rica cultura con los bailes y jaranas de la costa, sierra y selva. Lo mejor es que vivirás esta gran fiesta con el 66% de descuento junto a un acompañante. ¡Nooo te lo pierdas! :)^La oferta incluye:^OPCIÓN 1:^^S/. 35 en vez de S/. 103 por:^^• 2 entradas al espectáculo “Folclor en La Candelaria”^^• 1 Fuente de tequeños ^^• 2 Cervezas Backus Ice de 310 ml.^^OPCIÓN 2:^^S/. 75 en vez de S/. 210 por:^^• 4 entradas al espectáculo “Folclor en La Candelaria”^^• 1 Fuente de chicharrón de pollo.^^• 4 Cervezas Backus Ice de 310 ml.^^TOMAR BEBIDAS ALCOHÓLICAS EN EXCESO ES DAÑINO PARA LA SALUD^^Descripción:^^Toda la magia y el encanto del Perú a través de su música y sus danzas en un sólo espectáculo de 4 horas.   Ocho coloridas danzas con el sabor de la costa, sierra y selva componen las secuencias coreográficas de cada espectáculo. Disfrutarás de cada uno de los elencos coreográficos de danzas andinas, mestizas, afroperuanas y criollas, acompañadas por una orquesta de primera.^^Secuencias interactivas como el “Feliz Cumpleaños” que se recibe con una Tropa de Sikuris, la más antigua y genuina expresión musical de nuestro continente; ‘”La Hora Internacional” lo máximo en secuencia interactiva, donde los amigos extranjeros  nos regalan un pedacito de su país, bailando algún ritmo de su tierra; las clases de danzas negras; entre otras, redondean el espectáculo. Agréguele amabilidad, sonido inmejorable, pródiga iluminación con una buena pista de baile, y redondeará un recuerdo inolvidable^^* Hora de atención: viernes y sábados desde las 9.00 p.m.^^* Hora del espectáculo: de 10.30 p.m. a 2.30 a.m.|Lo que debes Saber^^Podrás usar este cupón hasta el 25 de abril del 2015.^^Fecha máxima para comprar: 16 de abril de 2015. ^1 OferTOP para 2 o 4 personas.^^Horario de reservas: de lunes a sábado de 9 a.m. a 6 p.m. ^^Hora de atención: viernes y sábados desde las 9 p.m^^Horario del espectáculo: de 10.30 p.m. a 2.30 a.m.^^La atención se realizará previa reserva, con 48 horas de anticipación, llamando al 247-1314 / 247-2941 o escribiendo a reservas@lacandelariaperu.com.^^Oferta válida para hombres y mujeres mayores de edad. Menores en compañía de un adulto.^^Oferta válida para mesas (compartidas) en zona general.^^La empresa se reserva el derecho a ubicación. ^^Se aceptan todas las tarjetas de crédito.^^No acumulable con otras promociones. ^^Oferta no válida para feriados ni días festivos^^Reservas sujetas a disponibilidad.^^No olvides presentar tu cupón impreso en el establecimiento.^^Las imágenes mostradas son referenciales. ^^Una vez realizada la reserva no se aceptarán cambios de fecha, ni cancelaciones.^^Conoce las Políticas y condiciones que aplican a todas nuestras ofertas.^^Realiza tus pagos en efectivo.^^¡Te enviaremos tu OferTOP después de realizar tu compra! No más esperas, para que lo puedas disfrutar cuando te provoque, previa reserva. ^^Si en un plazo de 1 hora luego de realizar tu compra no recibes tu cupón OferTOP en tu correo electrónico registrado, por favor escríbenos a clientes@ofertop.pe y te daremos una pronta solución (Coloca en el asunto: Cupón no recibido).|http://ofertop.pe/2-entradas-piqueo-bebidas-folclor-candelaria--109-12134.html|True|6317ba5dcc846a6464cc6e1d675043fc9d7db047
11895|Festival del chancho para 4 en Paso Obligao de Pachacamac|¡Para 4! S/. 79 en vez de S/. 178 por Festival del chancho para 4 personas en PASO OBLIGAO de Pachacamac. Incluye: Chancho al palo + Chancho al cilindro + Chancho a la caja china y más|178.0|56.0|99.0|06-04-2015 22:00:00|'2015/04/09 23:59:59'|Todo sobre la oferta^^¡Qué rico almuerzo a la leña es el que vas a disfrutar con tus amigos o familiares en Paso Obligao! Ve imaginando toda esa deliciosa carne de chanchito entre tus tenedores. ¿Se te hizo agua la boca? ¡No podrás dejar pasar este 56% de descuento!^La oferta incluye:^^• Festival del chancho para 4 personas.^^Descripción:^- 1 Porción de Chancho al palo: chancho deshuesado es cocinado a leña lentamente con esta técnica especial, alcanzando una textura inigualable.^^- 1 Porción de Chancho al Cilindro: sabroso corte de carne con ligero sabor ahumado.^^- 1 Porción de Chancho a la Caja china: crocante carne preparada al mejor estilo de la caja china.^^- 10 Panes a la leña: pequeños panes calientitos, cocidos en horno de barro, para que acompañes tus platos.^^- Porción de Champiñones: a la leña cocidos con especias y un toque de mantequilla. ^^- Ensalada grande de la casa: exquisita y con el sabor y preparación único como Paso Obligao lo sabe hacer.^^¡Y todo esto para 4 personas!|Lo que debes Saber^^Podrás usar este cupón hasta el 16 de mayo de 2015.^^1 OferTOP para 4 personas (indispensable la asistencia de los 4 comensales).^^Máximo 2 OferTOPs por mesa.^^Horario de reservas: de lunes a viernes de 10 a.m. a 4 p.m.^^Horario de atención: sábados de 12 m. a 4 p.m. ^No valido para días de semana, domingos ni feriados.^^La atención se realizará previa reserva, con 48 horas de anticipación, llamando al 430-4178 o escribiendo a paso_obligao@hotmail.com^^Es indispensable realizar la reserva para ser atendido. ^Exclusivo para consumos en el local. No válido para llevar.^^No olvides presentar tu cupón impreso en el establecimiento.^^Reservas sujetas a disponibilidad.^^Las imágenes mostradas son referenciales. ^^Stock mínimo disponible: 10.^^Una vez realizada la reserva no se aceptarán cambios de fecha, ni cancelaciones.^^Conoce las Políticas y condiciones que aplican a todas nuestras ofertas.^^Realiza tus pagos en efectivo.^^¡Te enviaremos tu OferTOP después de realizar tu compra! No más esperas, para que lo puedas disfrutar cuando te provoque, previa reserva.^^Si en un plazo de 1 hora luego de realizar tu compra no recibes tu cupón OferTOP en tu correo electrónico registrado, por favor escríbenos a clientes@ofertop.pe y te daremos una pronta solución (Coloca en el asunto: Cupón no recibido).|http://ofertop.pe/festival-chancho-para-4-paso-obligao-pachacamac--109-11895.html|True|78d85718625a999e84429af4d1d14f9d64c9fd33
11374|Pizzas y cervezas artesanales para 2 o 4  en Barranco Beer Company|Desde S/. 17 por 2 o 4 Cervezas artesanales + 1 o 2 Pizzas, según elijas, en BARRANCO BEER COMPANY|36.0|53.0|19.0|06-04-2015 22:00:00|'2015/04/06 23:59:59'|Todo sobre la oferta^^Si para ti los after office son un mandamiento para sobrevivir al estrés de la chamba, planéalos en Barranco Beer Company y este OferTOP con hasta 53% de descuento. ¡Salud!^La oferta incluye:^OPCIÓN 1:^^S/. 17 en vez de S/. 36 por:^^• 2 Cervezas artesanales^^• 1 Pizza^^OPCIÓN 2:^^S/. 33 en vez de S/. 74 por:^^• 4 Cervezas artesanales^^• 2 Pizzas^^Descripción:^* Podrás elegir el sabor de cada cerveza de 250 ml. cada una:^- Fifti Lagger: cerveza rubia, ligera y refrescante, con personalidad. Elaborada con dos tipos de cebadas malteadas.^- Bulls Ay Ale: cerveza tipo ale de color rojizo. Hecha con levadura belga y 4 maltas diferentes alemanas. Ligera y con más cuerpo.^- La Combi: blend de la casa. Consiste en la mezcla de fifti lagger y Bulls Ay Ale. Mitad rubia y mitad roja.^- Clarita Rubia: elaborada con la mitad de Fifti Lagger, mitad Sprite (para los que prefieren una versión más refrescante y con menos alcohol)^- Clarita morena: como la rubia, pero mitad Bulls Ay, mitad Sprite (para los que prefieren una versión más ligera y dulce de la cerveza roja)^^TOMAR BEBIDAS ALCOHÓLICAS EN EXCESO ES DAÑINO PARA LA SALUD^^* Podrás elegir el sabor de cada pizza:^- Fugazza: vegetariana y ligera, viene con cebolla blanca, aceite de oliva, orégano y un toque de ajo.^- Margarita: con queso mozzarella, salsa de tomate, albahaca y orégano.^- Pizza americana: mozzarella, salsa de tomate y jamón inglés.|Lo que debes Saber^^Podrás usar este cupón hasta el 15 de abril de 2015.^^1 OferTOP para 2 o 4 personas, regala todos los que quieras.^^Máximo 1 OferTOP por mesa.^^Horario de atención para cupones: de lunes a domingo de 12 m. a 8 p.m.^^La atención se realizará sin previa reserva. Teléfono para consultas al 247-6211.^^No acumulable con otras promociones.^^Oferta válida para mayores de edad.^^Aplica para consumo en el local.^^Indispensable presentar tu cupón impreso en el establecimiento. ^Stock mínimo disponible: 10^^Conoce las   Políticas y Condiciones que aplican a todas nuestras ofertas.^^Realiza tus pagos en efectivo. ^¡Te enviaremos tu OferTOP después de realizar tu compra! No más esperas, para que lo puedas disfrutar cuando te provoque, previa cita.^^Si en un plazo de 1 hora luego de realizar tu compra no recibes tu cupón OferTOP en tu correo electrónico registrado, por favor escríbenos a clientes@ofertop.pe y te daremos una pronta solución (Coloca en el asunto: Cupón no recibido).|http://ofertop.pe/pizzas-cervezas-artesanales-para-2-4-barranco-beer-company--109-11374.html|True|9baa6dcf8d62e9e31064aaf0ffd9b9ac5f1235b3
12012|¡Para 2! Parrilla Red Meat en Long Horn de MegaPlaza|S/. 75 en vez de S/. 100 por Parrilla Red Meat para dos: 2 Churrascos + 1 Bondiola de cerdo (200 gr.) + Pechuga de pollo + 2 Anticuchos + Mollejas a la parrilla y más, en LONG HORN de MegaPlaza|100.0|25.0|25.0|06-04-2015 22:00:00|'2015/04/09 23:59:59'|Todo sobre la oferta^^No me digas que al ver las fotos de esta exquisita parrilla, que sin duda está para chuparse los dedos, no dijiste: "ahhhh... esta oferta no me la pierdo". Bueno, no te la pierdad, entonces, viene con 25% de descuento ;)^La oferta incluye:^^• Parrilla Red Meat para 2 personas^^• 2 Copas de Pisco Sour de bienvenida^^• Botella de Vino Tinto (del vino del mes)^^Descripción del plato:^^- 2 Churrascos^^- 1 Bondiola de cerdo de 200 gr^^- 1 Pechuga de pollo^^- 2 Anticuchos de corazón^^- Mollejas de pollo a la parrilla ^^- Papas fritas o papa al horno o ensalada parrillera^^Esta promoción también incluye el derecho de pan, mantequilla y salsas. ^^TOMAR BEBIDAS ALCOHÓLICAS EN EXCESO ES DAÑINO PARA LA SALUD|Lo que debes Saber^^Podrás usar este cupón hasta el 30 de abril 2015.^^1 OferTOP para 2 personas, regala todos los que quieras.^^Máximo 2 OferTOP por visita.^^Horario de atención: de lunes a viernes de 4 p.m. a 10 p.m.^^No acumulable con otras promociones.^^Promoción válida hasta agotar stock.^^Promoción no válida para el 24 de abril. ^La atención no requiere reservas. ^^Oferta sólo válida para LongHorn del Centro Comercial MegaPlaza en Independencia.^^Esta promoción incluye el derecho de pan, mantequilla y salsas. ^^No olvides presentar tu cupón impreso en el establecimiento. ^^No acumulable con otras promociones. ^^Productos sujetos a disponibilidad.^^Las imágenes mostradas son referenciales. ^^Stock mínimo disponible: 10.^^Conoce las Políticas y condiciones que aplican a todas nuestras ofertas.^^Realiza tus pagos en efectivo.^^¡Te enviaremos tu OferTOP después de realizar tu compra! No más esperas, para que lo puedas disfrutar cuando te provoque, previa cita.^^Si en un plazo de 1 hora luego de realizar tu compra no recibes tu cupón OferTOP en tu correo electrónico registrado, por favor escríbenos a clientes@ofertop.pe y te daremos una pronta solución (Coloca en el asunto: Cupón no recibido).|http://ofertop.pe/para-2-parrilla-meat-long-horn-megaplaza--109-12012.html|True|c2bbb8a88197a47163062c6b45c9f67afd3b8e30
11918|¡Todo lo que puedas comer! Almuerzo Buffet en La Dama Juana|¡Todo lo que puedas comer! Desde S/. 38 por Almuerzo o Cena Buffet + Show de danzas típicas, según elijas, en Restaurante LA DAMA JUANA|55.0|31.0|17.0|06-04-2015 22:00:00|'2015/04/06 23:59:59'|Todo sobre la oferta^^¡Un buffet imperdible! No dejes pasar esta oferta gastronómica que OferTOP y La Dama Juana trae para ti, con 31% de descuento. Las más exquisitas ensaladas, entradas, platos criollos y postres servidos para tu deleite^La oferta incluye:^OPCIÓN 1:^^S/. 38 en vez de S/. 55 por:^^• Almuerzo Buffet^^OPCIÓN 2:^^S/. 76 en vez de S/. 110 por:^^• Cena Buffet^^• Show de danzas típicas^^Detalle del Almuerzo o Cena Buffet:^- Salad bar. ^^- Entradas: cebiche de pescado y pulpo, escabeche de pollo, causa rellena de pollo, salpicón de pollo, papa a la huancaína, ocopa, solterito, tamal criollo, camote, cancha y huevo. ^^- Platos de fondo: seco de res, frejoles, arroz con pollo, ají de gallina, carapulcra, papitas coctel con perejil y mantequilla, arroz blanco, saltado de cerdo, tallarín saltado de pollo, chanfainita, cau cau y olluquito con carne. ^^- Postres: encanelados, brownie, queque de plátano, naranja o marmoleado, budín, mazamorra morada y arroz con leche. ^^^* Durante la cena buffet disfrutarás del show de danzas típicas de la costa, sierra y selva de nuestro país. El show se inicia todas las noches a las 8:30 p.m. (excepto los domingos que podrás disfrutarlo a las 2 p.m.).|Lo que debes Saber^^Podrás usar este cupón hasta el 30 de abril de 2015.^^1 OferTOP por persona. ^^Horario de reservas: de lunes a viernes de 9 a.m. a 7 p.m. ^^Horario de atención: de lunes a domingo de 12:30 m. a 4 p.m. (almuerzo) / de lunes a domingo de 7:30 p.m. a 10 p.m. (cena).^^La atención se realizará previa reserva, con 24 horas de anticipación, llamando al 248-7547 / 98104-4718. ^^Oferta no válida para feriados.^^Oferta no válida para llevar ni delivery. ^^No incluye bebidas.^^Niños menores de 4 años no pagan.^^No acumulable con otras promociones.^^No olvides presentar tu cupón impreso en el establecimiento.^^Reservas y Platos sujetos a disponibilidad. ^^Las imágenes mostradas son referenciales.^^Stock mínimo disponible: 10.^^Una vez realizada la reserva no se aceptarán cambios de fecha, ni cancelaciones.^^Conoce las Políticas y condiciones que aplican a todas nuestras ofertas.^^Realiza tus pagos en efectivo.^^¡Te enviaremos tu OferTOP después de realizar tu compra! No más esperas, para que lo puedas disfrutar cuando te provoque, previa reserva.^^Si en un plazo de 1 hora luego de realizar tu compra no recibes tu cupón OferTOP en tu correo electrónico registrado, por favor escríbenos a clientes@ofertop.pe y te daremos una pronta solución (Coloca en el asunto: Cupón no recibido).|http://ofertop.pe/todo-puedas-comer-almuerzo-buffet-dama-juana--109-11918.html|True|5a59adcc09c83c0dcb6d30fa74ead76bb5549f10
12097|¡Sabor peruano! 2 Porciones de Anticuchos en La Anticuchería|¡Para 2! S/. 25.90 en vez de S/. 39.80 por 2 Porciones de Anticuchos en LA ANTICUCHERÍA de Tradición Morena|39.8|35.0|13.9|06-04-2015 22:00:00|'2015/04/08 23:59:59'|Todo sobre la oferta^^El peruano sabe que unos buenos anticuchos no los encuentra a la vuelta de la esquina, por eso OferTOP te invita a conocer el punto perfecto para degustar de este exquisito y emblemático antojo criollo con 35% de descuento. ¡Qué esperas para hacer clic en "Comprar"!^La oferta incluye:^^• 2 Porciones de Anticuchos ^^Descripción: ^^- 2 Palitos de corazón de res, para cada porción, de 200 gr. ^^- Papas doradas a la parrilla^^- Rodaja de choclo^^^Bajo la frase inmortal de nuestro Ricardo Palma: "La verdadera sazón de la comida criolla es una Tradición Morena", La Anticuchería ha regido toda su sapiencia culinaria para deleitar los más exigentes paladares que buscan satisfacer el estómago con un delicioso y suculento Anticucho. ¡Pruébalo tú también!|Lo que debes Saber^^Podrás usar este cupón hasta el 30 de mayo 2015.^^1 OferTOP para 2 personas.^^Máximo 2 OferTOP''s por mesa.^^Horarios de atención: de lunes a jueves de 1 p.m. a 4 p.m. y de 6 p.m. a 10 p.m. / de viernes a domingo de 1 p.m. a 10 p.m. Oferta no es válida para feriados ni días festivos^^La atención se realizará previa reserva, con 24 horas de anticipación, llamando al 279-0262 o escribiendo a informes@laanticucheria.com ^^Oferta válida unicamente en el local de Av. Caminos del Inca Nro 1583, Urb. Las Gardenias. (altura de la cuadra 53 de la Av. Benavides), Surco.^^Válido para comer en el local.^^Reservas están sujetas a disponibilidad de mesa.^^No olvides presentar tu cupón impreso en el establecimiento.^^No acumulable con otras promociones. ^^Las imágenes mostradas son referenciales.^^Stock mínimo disponible: 10.^^Una vez realizada la cita no se aceptarán cambios de fecha, ni cancelaciones. ^^Conoce las Políticas y condiciones que aplican a todas nuestras ofertas.^^Realiza tus pagos en efectivo.^^¡Te enviaremos tu OferTOP después de realizar tu compra! No más esperas, para que lo puedas disfrutar cuando te provoque, previa reserva.^^Si en un plazo de 1 hora luego de realizar tu compra no recibes tu cupón OferTOP en tu correo electrónico registrado, por favor escríbenos a clientes@ofertop.pe y te daremos una pronta solución (Coloca en el asunto: Cupón no recibido).|http://ofertop.pe/sabor-peruano-2-porciones-anticuchos-anticucheria--109-12097.html|True|170aa79d5dd3cc55688e98a57309b8a193f19d35
11894|¡Antojo de makis! Barra libre de makis en Cebichería María Pastor|¡Todos los makis que gustes! S/. 25.90 en vez de S/. 40 por Barra libre de Makis en CEBICHERÍA MARÍA PASTOR|40.0|35.0|14.1|06-04-2015 22:00:00|'2015/04/09 23:59:59'|Todo sobre la oferta^^¡Eres de los que no puede resistirse a los makis! Hora de probarlos todos con esta barra libre que te trae María Pastor. ¡La lucha porque no se acabe este OferTOP empieza en 3, 2, 1…!^La oferta incluye:^^• Barra libre de makis^^Más de 16 variedades de makis entre:^• Acevichado Maki: ebi furai, palta cubierta de láminas de pescado en salsa acevichada.^^• Achorado Maki:  pulpa de cangrejo, ebi furai con cubierta de láminas de pescado en nuestra deliciosa salsa de choritos.^^• ¡Asu Maki!: chicharrón de calamar, queso crema cubierto con salsa picante y flameada.^^•	Maki al olivo: langostino empanado, pulpa de cangrejo y pulpo bañado de nuestra deliciosa salsa de olivo.^^•	Furai Maki: queso crema, palta y salmón empanizado a la panca y frito por fuera.^^•	Huancaína Roll: palta, pepinillo japonés y ebi furai bañado en nuestra salsa huancaína.^^•	Parmesano Maki: ebi Furai, palta en salsa parmesana con calamar y flameada con toques de limón.^^•	Sakana Maki: pescado empanado, palta, pulpa de cangrejo cubierto con piel de salmón a la plancha y salsa especial.^^•	Acevichado María Pastor: langostino empanizado, palta cubierto con pescado blanco, bañado con nuestra deliciosa leche de tigre. ^^^¡Disfruta de estos makis y muchos más que María Pastor tiene para ti!|Lo que debes Saber^^Podrás usar este cupón hasta el 17 de mayo de 2015.^^1 OferTOP por persona.^^Máximo 5 cupones por mesa.^^Horario de reservas: de lunes a viernes de 9:30 a.m. a 6 p.m. ^^Horario de atención: de lunes a domingo de 7 p.m. a 10 p.m. Oferta no válida para feriados.^^La atención se realizará previa reserva, con 24 horas de anticipación, llamando a los números 332-2815 / RPC: 99813-5733 o escribiendo a reservas@cebicheriamaria.com^^La oferta no incluye bebidas.^^Válido solo para consumo dentro del local. No válido para delivery o para llevar.^^Se pagará una penalidad de S/. 3.00 por cada roll no consumido. ^No olvides presentar tu cupón impreso en el establecimiento.^^Las imágenes mostradas son referenciales.^^Reservas y makis sujetos a disponibilidad.^^Stock mínimo disponible: 10^^Una vez realizada la reserva no se aceptarán cambios de fecha, ni cancelaciones.^^Conoce las Políticas y condiciones que aplican a todas nuestras ofertas.^^Realiza tus pagos en efectivo.^^¡Te enviaremos tu OferTOP después de realizar tu compra! No más esperas, para que lo puedas disfrutar cuando te provoque, previa reserva.^^Si en un plazo de 1 hora luego de realizar tu compra no recibes tu cupón OferTOP en tu correo electrónico registrado, por favor escríbenos a clientes@ofertop.pe y te daremos una pronta solución (Coloca en el asunto: Cupón no recibido).|http://ofertop.pe/antojo-makis-barra-libre-makis-cebicheria-maria-pastor--109-11894.html|True|6ec8a46ba188ec43b90a7de0e5ccd3f5691d82a8
12019|¡Experimenta nuevos sabores! Paquete Teppan Matsu para 4 en Edo Sushi Bar|S/. 149 en vez de S/. 219 por Paquete Teppan Matsu para 4 incluye: 20 Makis + 4 Brochetas de pollo + Bife americano (200 gr.) + Panceta de cerdo (200 gr.) y más en EDO SUSHI BAR|219.0|32.0|70.0|06-04-2015 22:00:00|'2015/04/09 23:59:59'|Todo sobre la oferta^^Disfruta de una experiencia inigualable, con el paquete Teppan Matsu que prepararán frente a ti en Edo Sushi Bar. ¡No dejes pasar este OferTOP y aprovecha este descuento de 32%!^La oferta incluye:^• Paquete Teppan Matsu para 4 personas:^^Descripción de la oferta:- 20 Makis: podrás elegir entre dos variedades de makis (de 10 piezas cada una).- 4 Brochetas de pollo.- 200 gr. de Bife americano a la plancha.- 200 gr. de Panceta de cerdo laminada en salsa shogayaki (salsa de jengibre).- 200 gr. de Filete de pollo- 4 Yakimeshi teppan de pollo (arroz salteado con vegetales al estilo japonés).- 4 Ensaladas frescas con aliño de la casa. - Vegetales teppan (pimiento, cebolla blanca, champiñones, espárragos, zucchini y jolantao)^^^La técnica Teppan es una nueva propuesta de platos a la plancha elaborados por cocineros malabaristas que brindarán a los comensales un divertido show mientras preparan cada uno de los platos, brindando una nueva experiencia para deleite de todos.|Lo que debes Saber^^Podrás usar este cupón hasta el 15 de mayo de 2015.^^Oferta no válida para viernes, sábados, domingos ni feriados. ^^1 OferTOP para 4 personas.^^Máximo 2 OferTOP por mesa.^^Horario de atención: de lunes a jueves de 12 m. a 10 p.m.^^La atención se realizará previa reserva, con 24 horas de anticipación, llamando al 435-3658.^^Tiempo de espera: 10 minutos de tolerancia, sino se pierde la reserva.^^Oferta exclusiva para consumir en el local del C.C Jockey Plaza. No válido para llevar ni delivery.^^No olvides presentar tu cupón impreso en el establecimiento.^^No acumulable con otras promociones.^^Reservas sujetas a disponibilidad.^^Las imágenes mostradas son referenciales.^^Stock mínimo disponible: 5.^^Una vez realizada la reserva no se aceptarán cambios de fecha, ni cancelaciones.^^Conoce las políticas y condiciones que aplican a todas nuestras ofertas.^^Realiza tus pagos en efectivo.^^¡Te enviaremos tu OferTOP después de realizar tu compra! No más esperas, para que lo puedas disfrutar cuando te provoque, previa reserva.^^Si en un plazo de 1 hora luego de realizar tu compra no recibes tu cupón OferTOP en tu correo electrónico registrado, por favor escríbenos a clientes@ofertop.pe y te daremos una pronta solución (Coloca en el asunto: Cupón no recibido).|http://ofertop.pe/experimenta-nuevos-sabores-paquete-teppan-matsu-para-4-sushi-bar--109-12019.html|True|329f57fff69d289a4f55e97f6231119ab841b770
12028|Buffet criollo y marino en Cebichería María Pastor|¡Nada mejor que nuestra comida! S/. 23.50 en vez de S/. 35 por Buffet criollo y marino en CEBICHERÍA MARÍA PASTOR|35.0|33.0|11.5|06-04-2015 22:00:00|'2015/04/07 23:59:59'|Todo sobre la oferta^^¡Un banquete! La sazón criolla y su generosidad llegarán a tu mesa gracias al 33% de descuento que OferTOP tiene para ti en un almuerzo buffet en la cebichería María Pastor. ¡Buenaaaaazo!^La oferta incluye:^^• Buffet criollo y marino.^^Descripción:^* Entradas:^^- Cebiches^^- Causitas^^- Tortillas^^- Conchas^^- Almejas^^- Tamalitos^^- Chicharrones^^- Tequeños^^- Ensalada^^* Platos de fondo:^^- Arroz con pollo^^- Seco de res^^- Olluquitos^^- Cau cau^^- Tallarines^^- Ají de gallina^^- Pescado enrollado en salsas^^- Frijoles^^* Postres:^^- Arroz con leche^^- Mazamorra morada^^- Picarones^^- Frutas de estación^^- Helados|Lo que debes Saber^^Podrás usar este cupón hasta el 30 de mayo de 2015.^^1 OferTOP por persona. ^^Máximo 6 cupones por mesa.^^Horario de reservas: de lunes a viernes de 9:30 a.m. a 6 p.m. ^^Horario de atención: lunes a viernes de 12:30 m. a 3 p.m.^^La atención se realizará previa reserva, con 24 horas de anticipación, llamando a los números 332-2815 / RPC: 99813-5733 o escribiendo a reservas@cebicheriamaria.com^^La oferta no incluye bebidas.^^No válido para días festivos, feriados o vísperas de feriados.^^No olvides presentar tu cupón impreso en el establecimiento.^^Las imágenes mostradas son referenciales.^^Reservas y platos sujetos a disponibilidad.^^Stock mínimo disponible: 10^^Una vez realizada la reserva no se aceptarán cambios de fecha, ni cancelaciones.^^Conoce las Políticas y condiciones que aplican a todas nuestras ofertas.^^Realiza tus pagos en efectivo.^^¡Te enviaremos tu OferTOP después de realizar tu compra! No más esperas, para que lo puedas disfrutar cuando te provoque, previa reserva.^^Si en un plazo de 1 hora luego de realizar tu compra no recibes tu cupón OferTOP en tu correo electrónico registrado, por favor escríbenos a clientes@ofertop.pe y te daremos una pronta solución (Coloca en el asunto: Cupón no recibido).|http://ofertop.pe/buffet-criollo-marino-cebicheria-maria-pastor--109-12028.html|True|6ec8a46ba188ec43b90a7de0e5ccd3f5691d82a8
11989|Parrilla Mar, Aire y Tierra para 2 en 80''s Restobar. ¡La mejor carne!|¡Para 2! S/. 49.90 en vez de S/. 85 por Parrilla Mar, Aire y Tierra: 4 Anticuchos + 4 Brochetas de pollo + 4 Brochetas de langostinos + Papas fritas nativas + 2 Chilcanos a elegir en 80''S RESTOBAR|85.0|41.0|35.1|06-04-2015 22:00:00|'2015/04/07 23:59:59'|Todo sobre la oferta^^¡Amor por la carne! Tan rica como los frutos del mar peruano, es la carne ofrecida de las granjas y ganadería... ¿O no? Con este OferTOP te damos la oportunidad de probar ambos sabores y texturas. ¡Aprovecha este descuento de 41%!^La oferta incluye:^• Parrilla Mar, Aire y Tierra para 2 que consta de:^^* 4 anticuchos^^* 4 brochetas de pollo^^* 4 brochetas de langostinos^^* Porción de papas nativas fritas^^* 2 Chilcanos a elegir^^^En 80''s Resto Bar revivirás ¡la mejor década de todas! Buena música ochentera, comida peruana-fusión y un ambiente totalmente original, serán lo necesario para disfrutar de un buen momento gracias, también, a su atención personalizada. ^^TOMAR BEBIDAS ALCOHÓLICAS EN EXCESO ES DAÑINO PARA LA SALUD|Lo que debes Saber^^Podrás usar este cupón hasta el 30 de abril del 2015^^1 OferTOP por persona.^^Horario de atención y reservas: de lunes a sábados de 1 p.m. a 5 p.m.^^La atención se realizará previa reserva, con 24 horas de anticipación, llamando al 444-1412.^^No acumulable con otras promociones.^^No válido para domingos ni feriados.^^No olvides presentar tu cupón impreso en el establecimiento.^^Reservas sujetas a disponibilidad.^^Stock mínimo disponible: 5.^^Una vez realizada la reserva no se aceptarán cambios de fecha, ni cancelaciones.^^Conoce las Políticas y condiciones que aplican a todas nuestras ofertas.^^Realiza tus pagos en efectivo.^^¡Te enviaremos tu OferTOP después de realizar tu compra! No más esperas, para que lo puedas disfrutar cuando te provoque, previa reserva.^^Si en un plazo de 1 hora luego de realizar tu compra no recibes tu cupón OferTOP en tu correo electrónico registrado, por favor escríbenos a clientes@ofertop.pe y te daremos una pronta solución (Coloca en el asunto: Cupón no recibido).|http://ofertop.pe/parrilla-aire-tierra-para-2-80-restobar-mejor-carne--109-11989.html|True|51150650966b94b93299891ac4d2a2aeed25d6c7
12021|¡Come todos los que puedas! Barra libre de Makis en Ananda Lounge|¡After Office de makis! S/. 25.90 en vez de S/. 120 por Barra libre de Makis en ANANDA LOUNGE|120.0|78.0|94.1|06-04-2015 22:00:00|'2015/04/09 23:59:59'|Todo sobre la oferta^^Si manejas los palitos para comer makis con la destreza de un ninja, ¡esta barra libre te va a sonar a reto! Aprovecha este 78% de descuento y come todos los makis que quieras ;)^La oferta incluye:^^• Barra libre de Makis^^La barra de makis consta de:^- Acevichado: ebi furai y palta (por dentro) / salmón y salsa acevichada (por fuera)^^- Lomo saltado: nuestro delicioso lomo saltado hecho maki^^- Spicy: ebi furai y espárragos (por dentro) / crema de ajo y cangrejo gratinado (por fuera)^^- Fried roll: salmón, queso crema y palta (por dentro) / empanizado (por fuera)^^- Inka roll: trucha, palta y ebi furai (por dentro) / tenkatsu (por fuera)^^- Huancaína roll: palta, ebi furai y lechuga (por dentro) / salsa huancaína y cebolla (por fuera)^^- Green roll|Lo que debes Saber^^Podrás usar este cupón hasta el 30 de abril del 2015.^^1 OferTOP por persona. ^^Horario de reservas: de lunes a viernes de 9 a.m. a 6 p.m.^^Horario de atención: de martes a viernes de 6 p.m. a 11 p.m. ^^La atención se realizará previa reserva, con 48 horas de anticipación, llamando al 241-6391 / 99508-7300 o escribiendo a afteroffice@anandalounge.com^^Se pagará una penalidad de S/. 3.00 por cada roll no consumido. ^Aplica solo para consumo en el local.^^Oferta válida para feriados (previa reserva y sujeto a disponibilidad). ^^Visita Ananda Lounge en su perfil de Facebook.^^No olvides presentar tu cupón impreso en el establecimiento.^^Reservas sujetas a disponibilidad.^^Las imágenes mostradas son referenciales.^^Stock mínimo disponible: 5.^^Una vez realizada la reserva no se aceptarán cambios de fecha, ni cancelaciones.^^Conoce las Políticas y condiciones que aplican a todas nuestras ofertas.^^Realiza tus pagos en efectivo.^^¡Te enviaremos tu OferTOP después de realizar tu compra! No más esperas, para que lo puedas disfrutar cuando te provoque, previa reserva.^^Si en un plazo de 1 hora luego de realizar tu compra no recibes tu cupón OferTOP en tu correo electrónico registrado, por favor escríbenos a clientes@ofertop.pe y te daremos una pronta solución (Coloca en el asunto: Cupón no recibido).|http://ofertop.pe/come-todos-puedas-barra-libre-makis-ananda-lounge--109-12021.html|True|f488bda484aec50e772796544b0ad44af7ce9abe
12026|Parrilla Santelmo para 2 en D'' Tinto & Bife|S/. 85 en vez de S/. 159 por Parrilla San Telmo para 2: Bife de cuadril + Bife de chorizo + 1 Chuleta de cerdo + 1 Pechuga de pollo + 2 Palitos de anticucho + 1 Chorizo y más en D'' TINTO & BIFE|159.0|47.0|74.0|06-04-2015 22:00:00|'2015/04/07 23:59:59'|Todo sobre la oferta^^¡Parrilla frente al mar! Si ya es un placer deleitarse con una exquisita carne, mejor aún si es gozando de la brisa marina junto a una persona especial, con 47% de descuento en D´TINTO Y BIFE^La oferta incluye:^• Parrilla San Telmo para 2:^^- Bife de cuadril ^^- Bife de chorizo ^^- 1 Chuleta de cerdo ^^- 1 Pechuga de pollo ^^- 2 Palitos de anticucho ^^- 1 Chorizo^^Acompañamiento:^^- Canasta de pan para 2 ^^- Papas fritas^^- Ensalada^^Bebidas:^^- 2 Copas de vino tinto o blanco^^Beneficio OferTOP: 50% de descuento en postres.^^^TOMAR BEBIDAS ALCOHÓLICAS EN EXCESO ES DAÑINO PARA LA SALUD|Lo que debes Saber^^Podrás utilizar este cupón hasta el 8 de mayo de 2015.^^1 OferTOP para 2 personas. ^^Máximo 1 OferTOP por mesa.^^Horario de reservas: de lunes a viernes de 10 a.m. a 6 p.m. . ^^Horario de atención: de martes a viernes de 12:30 m. a 11 p.m. Oferta no válida para feriados^^La atención se realizará previa reserva, con 48 horas de anticipación, llamando al 249-4508 / 249-4514 o escribiendo a admin.restobar@detintoybife.com^^Válido para personas mayores de edad. Los menores de edad deberán contar con la compañía de un adulto.^^Incluye 2X1 en todo macerado de pisco.^^Indispensable presentar cupón impreso en el establecimiento.^^No acumulable con otras promociones.^^Las imágenes mostradas son referenciales.^^Reservas sujetas a disponibilidad.^^Una vez realizada la reserva no se aceptarán cambios de fecha, ni cancelaciones.^^Conoce las Políticas y condiciones que aplican a todas nuestras ofertas.^^Realiza tus pagos en efectivo.^^¡Te enviaremos tu OferTOP después de realizar tu compra! No más esperas, para que lo puedas disfrutar cuando te provoque, previa reserva.^^Si en un plazo de 1 hora luego de realizar tu compra no recibes tu cupón OferTOP en tu correo electrónico registrado, por favor escríbenos a clientes@ofertop.pe y te daremos una pronta solución (Coloca en el asunto: Cupón no recibido).|http://ofertop.pe/parrilla-santelmo-para-2-tinto-bife--109-12026.html|True|155d910332fc5fc781e49cbe2f760bf5cc652c9d
11896|Buffet Ítalo-Peruano para 1 o 2 personas en Ananké Trattoría Peruana|¡Oferta imperdible! Desde S/. 19.90 por Buffet Ítalo-Peruano para 1 o 2 personas en ANANKÉ TRATTORÍA PERUANA|52.0|62.0|32.1|06-04-2015 22:00:00|'2015/04/07 23:59:59'|Todo sobre la oferta^^¡Disfruta de un banquete digno de rey! No dejes de comer los deliciosos platillos de este buffet Ítalo-Peruano que Ananké Trattoría Peruana tiene para ti. Aprovecha esta exquisita oferta gastronómica con hasta 62% de descuento.^La oferta incluye:^OPCIÓN 1:^^S/. 19.90 en vez de S/. 52 por:	^^• Buffet Ítalo-Peruano para 1 persona^^OPCIÓN 2:^^S/. 38 en vez de S/. 104 por:	^^• Buffet Ítalo-Peruano para 2 ^^Descripción de Buffet Ítalo- Peruano:^Entradas:^^- Causa limeña ^^- Ensalada waldorf ^^- Ensalada chucrut ^^- Ceviche ^^- Tiradito ^^- Papita a la huancaína ^^- Yuquita con ocopa ^^- Camote ^^- Canchita serrana ^^- Pan al ajo ^^Platos de fondo:^^- Ravioles ^^- Spaghetti ^^- Fettuccine ^^- Canuto^^- Asado de tira ^^- Ají de gallina ^^- Oyuquito con charqui ^^- Cau cau ^^- Arroz con mariscos ^^- Arroz blanco ^^- Frejol norteño^^Salsas:^^- Bolognesa ^^- Alfredo ^^- Pesto^^Postres:^^- Torta hindú ^^- Torta de chocolate ^^- Frutas de estación|Lo que debes Saber^^Podrás usar este cupón hasta el 28 de mayo de 2015.^^1 OferTOP por 1 o 2 personas, según elijas.^^Máximo 5 OferTOP por mesa.^^Horario de atención de cupones: de martes a domingo de 12:30 m. a 3 p.m.^^La atención se realizará previa reserva, con 24 horas de anticipación, escribiendo a reservasananke@gmail.com^^No aplica para delivery ni para llevar.^^Platos sujetos a variación sin previo aviso.^^Reservas sujetas a disponibilidad.^^No válido para feriados ni días festivos.^^Oferta no acumulable con otras promociones.^^No olvides presentar tu cupón impreso en el establecimiento.^^Las imágenes mostradas son referenciales.^^Stock mínimo disponible:5.^^Una vez realizada la reserva no se aceptarán cambios de fecha, ni cancelaciones.^^Conoce las Políticas y condiciones que aplican a todas nuestras ofertas.^^Realiza tus pagos en efectivo.^^¡Te enviaremos tu OferTOP después de realizar tu compra! No más esperas, para que lo puedas disfrutar cuando te provoque, previa reserva.^^Si en un plazo de 1 hora luego de realizar tu compra no recibes tu cupón OferTOP en tu correo electrónico registrado, por favor escríbenos aclientes@ofertop.pe y te daremos una pronta solución (Coloca en el asunto: Cupón no recibido).|http://ofertop.pe/buffet-italo-peruano-para-1-2-personas-ananke-trattoria-peruana--109-11896.html|True|e37d97ed42430e82762c2cade0089410b2ff5d60
11919|¡Qué rico! Piqueo marino para 3 en Amariscos, Pescados y Mariscos|¡Para 3! S/. 99 en vez de S/. 143 por Piqueo Marino: Choritos a la chalaca + Cebiche de pescado + Causa al olivo + Chilcano de pisco o Pisco Sour y más en AMARISCOS, Pescados y Mariscos|143.0|31.0|44.0|06-04-2015 22:00:00|'2015/04/09 23:59:59'|Todo sobre la oferta^^¿Te has dado cuenta que el verano está insoportable?, ¡Claro! Entonces, no hay nada mejor que refrescarse con un piqueo marino para 3 personas. Deleita a tu paladar con estos manjares del mar, con 31% de descuento :)^La oferta incluye:^^• Piqueo Marino para 3 personas.^^Descripción:^- Choritos a la chalaca (6 unidades): rellenos de cebolla en cuadraditos, tomatito, rocoto picadito y bastante limón.^^- Cebiche de pescado (100 gr.): con el punto exacto de limón, ají y sal, viene acompañado de choclo y camote. ^^- Tentación Marina: arroz agridulce con chicharrón de pescado glaseado y trozos de cabanossi. ^^- Delicia Marina: 4 unidades de tequeños rellenos de pulpa de cangrejo y langostinos. ^^- Causa al Olivo: causa rellena de pulpo al olivo^^^Incluye Chilcano de Pisco o Pisco Sour x 3 (de 200 ml. cada uno, tamaño normal)^^TOMAR BEBIDAS ALCOHÓLICAS EN EXCESO ES DAÑINO PARA LA SALUD|Lo que debes Saber^^Podrás usar este cupón hasta el 30 de abril 2015.^^1 OferTOP para 3 personas.^^Máximo 1 OferTOP por mesa.^^Horario de reservas: de martes a domingo de 9 a.m. a  4 p.m. ^^Horario de atención: de martes a domingo de 12 m a 4 p.m.^^La atención se realizará previa reserva, con 24 horas de anticipación, llamando al 340-1294 o escribiendo a amariscos02@gmail.com^^No se atenderá a personas sin reserva.^^Oferta no válida para feriados. ^^Oferta exclusiva para Amariscos, Pescados y Mariscos de La Molina. ^^No incluye bebidas.^^Válido para consumo en el local, no para llevar.^^No olvides presentar tu cupón impreso al mozo antes de realizar el consumo.^^No acumulable con otras promociones.^^Las imágenes mostradas son referenciales.^^Reservas sujetas a disponibilidad.^^Stock mínimo disponible: 10. ^^Una vez realizada la reserva no se aceptarán cambios de fecha, ni cancelaciones.^^Conoce las Políticas y condiciones que aplican a todas nuestras ofertas.^^Realiza tus pagos en efectivo.^^¡Te enviaremos tu OferTOP después de realizar tu compra! No más esperas, para que lo puedas disfrutar cuando te provoque, previa reserva.^^Si en un plazo de 1 hora luego de realizar tu compra no recibes tu cupón OferTOP en tu correo electrónico registrado, por favor escríbenos a clientes@ofertop.pe y te daremos una pronta solución (Coloca en el asunto: Cupón no recibido).|http://ofertop.pe/rico-piqueo-marino-para-3-amariscos-pescados-mariscos--109-11919.html|True|69c51a33df88d26e642b12e7db70672adc740377
11922|¡Disfrútalo! 2 o 4 Entradas + Piqueo + Bebidas en Restaurante D''paso|¡Para 2 o 4 personas! Desde S/. 44.90 por Entradas al espectáculo ''Show del Caballo Peruano de Paso'' + Piqueo + Bebidas en Restaurante D''PASO|79.0|43.0|34.1|06-04-2015 22:00:00|'2015/04/09 23:59:59'|Todo sobre la oferta^^Vive la belleza y maestría del Caballo Peruano de Paso en un bello lugar de Pachacamac: el Restaurante D''PASO. Comparte con tus seres más queridos un almuerzo con la mejor comida y un especial show típico que disfrutarás con 43% de descuento^La oferta incluye:^OPCIÓN 1:^^S/. 44.90 en vez de S/. 79 por:^^• 2 Entradas al espectáculo de caballo peruano de paso^^• 1 Piqueo "D''paso" para 2 personas^^• 2 copas de vino tinto o blanco^^OPCIÓN 2:^^S/. 79.90 en vez de S/. 158 por:^^• 4 Entradas al espectáculo de caballo peruano de paso^^• 2 Piqueos "D''Paso" para 4 personas^^• 1 botella de vino tinto o blanco^^Detalles:^* Exhibición del Caballo Peruano de Paso: peruanísimo espectáculo presentando los siguientes números:^^- Potro al cabestro^^- Marinera norteña^^- "Jose Antonio" con cintas de seda^^- 2 danzas típicas^^* Piqueo D''Paso:^^- Anticuchos ^^- Causa de pollo ^^- La clásica papa a la huancaína ^^- Tostones rellenos de langostinos^^TOMAR BEBIDAS ALCOHÓLICAS EN EXCESO ES DAÑINO PARA LA SALUD|Lo que debes Saber^^Podrás usar este cupón únicamente de martes a viernes hasta el 30 de abril del 2015.^^1 OferTOP para 2 o 4 personas, según elijas.^^Máximo 2 OferTOP por mesa.^^Horario de reservas: de lunes a sábado de 9 a.m. a 6 p.m.^^Horario de atención: de martes a viernes desde las 11 a.m. / Inicio del show: 12:30 p.m. ^^La atención se realizará previa reserva, con 48 horas de anticipación, llamando a 445-0567 o escribiendo a informes@dpaso.pe^^Se puede permanecer en el local entre 11 a.m. y 5 p.m.^^Oferta válida solo para consumir en el local, no válido para llevar.^^No acumulable con otras promociones.^^Las imágenes mostradas son referenciales.^^Reservas sujetas a disponibilidad.^^No olvides presentar tu cupón impreso en el establecimiento.^^Stock mínimo disponible: 10.^^Una vez realizada la reserva no se aceptarán cambios de fecha, ni cancelaciones.^^Conoce las Políticas y condiciones que aplican a todas nuestras ofertas.^^Realiza tus pagos en efectivo.^^¡Te enviaremos tu OferTOP después de realizar tu compra! No más esperas, para que lo puedas disfrutar cuando te provoque, previa reserva.^^Si en un plazo de 1 hora luego de realizar tu compra no recibes tu cupón OferTOP en tu correo electrónico registrado, por favor escríbenos a clientes@ofertop.pe y te daremos una pronta solución (Coloca en el asunto: Cupón no recibido).|http://ofertop.pe/disfrutalo-2-4-entradas-piqueo-bebidas-restaurante-paso--109-11922.html|True|2094e9ae965b8d803108f80b53446b13456f1016
11642|Amuerzo o cena italiana para 2 en DON ROSALINO|S/. 43 en vez de S/. 66 por Amuerzo o cena italiana para 2: 1 Entrada + 2 Platos de fondo a elegir, en DON ROSALINO|66.0|35.0|23.0|06-04-2015 22:00:00|'2015/04/09 23:59:59'|Todo sobre la oferta^^Siempre hay antojo de algo rico y distinto, algo que le dé otro toque a tu hora de comer. ¿Qué tal este descuento de 35% en almuerzo o cena italiana para 2? ¡Lúcete con tu invitad@!^La oferta incluye:^^• Amuerzo o cena italiana para 2^^Descripción^• Entrada: Panes al ajo ^^• Fondo para elegir entre 2 opciones:^^- Lasagna de Carne^^- Pizza Personal (Rosalino, Hawaii, Americana) ^^- Fetuccini A lo Alfredo^^- Spaguetti Al Pomodoro o Al Pesto|Lo que debes Saber^^Podrás usar este cupón hasta el 30 de abril de 2015.^^1 OferTOP para 2 personas.^^Máximo 1 OferTOP por mesa.^^Horario de atención: de lunes a jueves de 12 m. a 3 p.m. y de 7 p.m. a 10 p.m. (Miraflores) / de lunes a jueves de 12:30 m. a 10 p.m. (San Borja).^^La atención se realizará previa reserva, con 24 horas de anticipación, llamando al 447-6805 (Miraflores) / 476-7732 (San Borja).^^Oferta válida para sus dos locales: Miraflores y San Borja.^^No olvides presentar tu cupón impreso en el establecimiento.^^No acumulable con otras promociones.^^Promociones sujetos a disponibilidad.^^Las imágenes mostradas son referenciales.^^Stock mínimo disponible: 10.^^Conoce las Políticas y condiciones que aplican a todas nuestras ofertas.^^Realiza tus pagos en efectivo.^^¡Te enviaremos tu OferTOP después de realizar tu compra! No más esperas, para que lo puedas disfrutar cuando te provoque, previa cita.^^Si en un plazo de 1 hora luego de realizar tu compra no recibes tu cupón OferTOP en tu correo electrónico registrado, por favor escríbenos a clientes@ofertop.pe y te daremos una pronta solución (Coloca en el asunto: Cupón no recibido).|http://ofertop.pe/amuerzo-cena-italiana-para-2-rosalino--109-11642.html|True|a9075c7fc5fa8496137a012348379f1fc12e4c8a
12020|2 cuartos de Pollo a la brasa + Papas y más en Planet Chicken. ¡Riquísimo!|¡Pollito con papas! S/. 33.80 en vez de S/. 42.30 por 2 cuartos de Pollo a la brasa + Papas fritas + 4 Wantanes + Ensalada + 1/2 Porción de torta en PLANET CHICKEN de MegaPlaza|42.3|20.0|8.5|06-04-2015 22:00:00|'2015/04/07 23:59:59'|Todo sobre la oferta^^Si se trata de un antojo de pollo a la brasa por partida doble, yo que tú corro con mi acompañante a Planet Chicken por este combo para 2 con 20% de descuento. ¡Buenazo!^La oferta incluye:^^• 2 cuartos de Pollo a la brasa^^• Guarnición de papas fritas^^• 4 Wantanes^^• Ensalada ^^• 1/2 Porción de torta|Lo que debes Saber^^Podrás usar este cupón hasta el 30 de abril de 2015^^1 OferTOP para 2 personas.^^Máximo 2 OferTOPs por mesa.^^Podrás validar tu oferta solo de lunes a jueves de 12 p.m. a 11 p.m. ^La atención se realizará previa reserva, llamando al 98901-9952 o 521-7334, en el MegaPlaza de Independencia, en el local de Planet Chicken.^^No olvides presentar tu cupón impreso en el establecimiento.^^Platillos y parte del pollo (pecho o pierna) sujetos a disponibilidad.^^Consumo válido solo para salón.^^No acumulable con otras promociones.^^Las imágenes mostradas son referenciales.^^Stock mínimo disponible: 10.^^Conoce las Políticas y condiciones que aplican a todas nuestras ofertas.^^Realiza tus pagos en efectivo.^^¡Te enviaremos tu OferTOP después de realizar tu compra! No más esperas, para que lo puedas disfrutar cuando te provoque, previa reserva.^^Si en un plazo de 1 hora luego de realizar tu compra no recibes tu cupón OferTOP en tu correo electrónico registrado, por favor escríbenos a clientes@ofertop.pe y te daremos una pronta solución (Coloca en el asunto: Cupón no recibido).|http://ofertop.pe/2-cuartos-pollo-brasa-papas-planet-chicken-riquisimo--109-12020.html|True|c8b76da43936a2eec3d876a64a14eab551850df4
11914|Pachamanca 3 sabores para 2 en El Rancho Grande|¡Para 2! S/. 19.90 en vez de S/. 40 por 1 Pachamanca 3 sabores (pollo, cordero y lechón) + Papa huayro + Humita + Camote + Habas y más, en EL RANCHO GRANDE|40.0|50.0|20.1|06-04-2015 22:00:00|'2015/04/07 23:59:59'|Todo sobre la oferta^^El inigualable sabor de esta suculenta y generosa pachamanca acabará con esos repentinos antojos de comida criolla. ¡Aprovecha este descuento de hasta 50%!^La oferta incluye:^^• Pachamanca para 2 en El Rancho Grande^^Descripción:^^- 1 Pachamanca 3 sabores (pollo, cordero y lechón)^^- Porción de Papa huayro^^- Porción de Papa yungay^^- Porción de Queso^^- Porción de Oca^^- Porción de Camote^^- Porción de Humita^^- Porción de Habas^^- Porción de Choclo^^- Ají de Huacatay^^^¡Todo viene servido en un solo plato! Buen provecho... ¡Disfrútalo!|Lo que debes Saber^^Podrás usar este cupón hasta el 5 de mayo de 2015.^^1 OferTOP para 2 personas.^^Máximo 1 OferTOP por mesa.^^Horario de atención: de lunes a viernes de 12 m. a 5 p.m.^^La atención se realizará previa reserva, con 24 horas de anticipación, llamando al: 543-3369 o al 98907-7704.^^Oferta no válida para llevar, solo para consumo en el local.^^No válido para feriados ni días festivos.^^Oferta no acumulable con otras promociones.^^No olvides presentar tu cupón impreso en el establecimiento antes de iniciado el consumo.^^Reservas sujetas a disponibilidad.^^Las imágenes mostradas son referenciales.^^Una vez realizada la reserva no se aceptarán cambios de fecha, ni cancelaciones.^^Conoce las Políticas y condiciones que aplican a todas nuestras ofertas.^^Realiza tus pagos en efectivo.^^¡Te enviaremos tu OferTOP después de realizar tu compra! No más esperas, para que lo puedas disfrutar cuando te provoque, previa reserva.^^Si en un plazo de 1 hora luego de realizar tu compra no recibes tu cupón OferTOP en tu correo electrónico registrado, por favor escríbenos a clientes@ofertop.pe y te daremos una pronta solución (Coloca en el asunto: Cupón no recibido).|http://ofertop.pe/pachamanca-3-sabores-para-2-rancho-grande--109-11914.html|True|8a02ebefecc21ff8bc23e35d2755271828cf9348
11845|Pizza Familiar + Entrada en Don Rosalino|¡Para 4! S/. 48 en vez de S/. 68 por Pizza Familiar en sabor a elegir + Entrada en DON ROSALINO|68.0|29.0|20.0|06-04-2015 22:00:00|'2015/04/07 23:59:59'|Todo sobre la oferta^^Disfruta de una exquisita pizza con los que más quieres. ¡No dejes pasar esta promo que Don  Rosalino y OferTOP traen para ti con 29% de descuento y disfruta de un momento agradable con la familia!^La oferta incluye:^^• Pizza familiar en sabor a elegir: Rosalino, Hawaii, Americana o Especial.^^• Entrada: Porción de pan al ajo.^^¡Lo mejor de las pastas, carnes, mariscos y pescados, en un solo lugar!|Lo que debes Saber^^Podrás usar este cupón hasta el 30 de abril de 2015.^^1 OferTOP para 4 personas. ^^Máximo 1 OferTOP por mesa.^^Horario de atención: de lunes a jueves de 12 m. a 3 p.m. y de 7 p.m. a 10 p.m. (Miraflores) / de lunes a jueves de 12:30 m. a 10 p.m. (San Borja). Oferta no válida para feriados y días festivos. ^^La atención se realizará previa reserva, con 24 horas de anticipación, llamando al 447-6805 (Miraflores) / 476-7732 (San Borja).^^Oferta válida para sus dos locales: Miraflores y San Borja.^^No olvides presentar tu cupón impreso en el establecimiento.^^No acumulable con otras promociones.^^Productos sujetos a disponibilidad.^^Las imágenes mostradas son referenciales.^^Stock mínimo disponible: 10.^^Una vez realizada la cita no se aceptarán cambios de fecha, ni cancelaciones.^^Conoce las Políticas y condiciones que aplican a todas nuestras ofertas.^^Realiza tus pagos en efectivo.^^¡Te enviaremos tu OferTOP después de realizar tu compra! No más esperas, para que lo puedas disfrutar cuando te provoque, previa cita.^^Si en un plazo de 1 hora luego de realizar tu compra no recibes tu cupón OferTOP en tu correo electrónico registrado, por favor escríbenos a clientes@ofertop.pe y te daremos una pronta solución (Coloca en el asunto: Cupón no recibido).|http://ofertop.pe/pizza-familiar-entrada-rosalino--109-11845.html|True|a9075c7fc5fa8496137a012348379f1fc12e4c8a
11981|Piqueo Anticuchero + 2 Chilcanos en Long Horn. ¡Contra todo antojo!|¡Entremés anticuchero! S/. 49.50  en vez de S/. 61 por Piqueo Anticuchero + 2 Chilcanos en LONG HORN de MegaPlaza|61.0|19.0|11.5|06-04-2015 22:00:00|'2015/04/07 23:59:59'|Todo sobre la oferta^^Si eres de l@s antojadizos que quieren saciar su hambre con piqueitos de sabor intenso, al instante, aprovecha este 19% de descuento y obtén este delicioso piqueo anticuchero con sus respectivos chilcanitos ;)^La oferta incluye:^• 1 Piqueo Anticuchero:  2 palos de anticucho de corazón con papas fritas de guarnición.^^• 2 Chilcanos: deliciosa bebida nacional a base de peruanísimo pisco, ginger ale y limón, como puntos fuertes.^^TOMAR BEBIDAS ALCOHÓLICAS EN EXCESO ES DAÑINO PARA LA SALUD|Lo que debes Saber^^Podrás usar este cupón hasta el 30 de abril de 2015.^^1 OferTOP para 2 personas.^^Máximo 2 OferTOP por visita.^^Horario de atención: de lunes a viernes de 4 p.m. a 9 p.m.^^La atención se realizará sin previa reserva en el Long Horn de MegaPlaza, Independencia^^No acumulable con otras promociones.^^Promoción no válida para el 24 de abril. ^Promoción válida hasta agotar stock.^^No olvides presentar tu cupón impreso en el establecimiento. ^^No acumulable con otras promociones. ^^Productos sujetos a disponibilidad.^^Las imágenes mostradas son referenciales. ^^Stock mínimo disponible: 10.^^Conoce las Políticas y condiciones que aplican a todas nuestras ofertas.^^Realiza tus pagos en efectivo.^^¡Te enviaremos tu OferTOP después de realizar tu compra! No más esperas, para que lo puedas disfrutar cuando te provoque. ^^Si en un plazo de 1 hora luego de realizar tu compra no recibes tu cupón OferTOP en tu correo electrónico registrado, por favor escríbenos a clientes@ofertop.pe y te daremos una pronta solución (Coloca en el asunto: Cupón no recibido).|http://ofertop.pe/piqueo-anticuchero-2-chilcanos-long-horn-contra-todo-antojo--109-11981.html|True|9b2c3bbb486aff3756e9c92947d1f8d7e813c3ec
11711|Ronda marina para 4 personas + Piqueo y más en Encuentro Marino|S/. 39.90 en vez de S/. 92 por 1 Ronda marina para 4 (Cebiche, Choros a la chalaca, Chicharrón y más) + 1 Porción de tequeños de pulpa de cangrejo + 4 Bebidas en Cevichería ENCUENTRO MARINO de Lurín|92.0|57.0|52.1|06-04-2015 22:00:00|'2015/04/08 23:59:59'|Todo sobre la oferta^^Los antojos de comida marina caen precisos para cualquier estación del año. ¡Aprovecha este 57% de descuento junto a 3 amigos más y pasen un excelente día de sol comiendo buenazo!^La oferta incluye:^• Ronda Marina contiene cebiche de pescado, choros a la chalaca, causa de pulpa de cangrejo con langostino y chicharrón.^^• Porción de 6 tequeños rellenos de pulpa de cangrejo.^^• 4 Bebidas de 200 ml. c/u, a elección entre chicha, limonada o gaseosa.|Lo que debes Saber^^Podrás usar este cupón hasta el 6 de abril de 2015. ^^1 OferTOP por persona.^^Máximo 1 OferTOP por mesa.^^Horario de reservas: de lunes a viernes de 9 a.m. a 6 p.m.^^Horario de atención: de lunes a domingo de 11 a.m. a 6 p.m.^^La atención se realizará previa reserva, con 48 horas de anticipación, llamando al 98256-7469 o escribiendo a encuentromarino@gmail.com^^Oferta no válida para feriados ni días festivos. ^^Oferta no válida para delivery ni para llevar. ^^No olvides presentar tu cupón impreso en el establecimiento.^^No acumulable con otras promociones.^^Reservas sujetas a disponibilidad.^^Las imágenes mostradas son referenciales.^^Stock mínimo disponible: 10.^^Una vez realizada la reserva no se aceptarán cambios de fecha, ni cancelaciones.^^Conoce las Políticas y condiciones que aplican a todas nuestras ofertas.^^Realiza tus pagos en efectivo.^^¡Te enviaremos tu OferTOP después de realizar tu compra! No más esperas, para que lo puedas disfrutar cuando te provoque, previa reserva.^^Si en un plazo de 1 hora luego de realizar tu compra no recibes tu cupón OferTOP en tu correo electrónico registrado, por favor escríbenos a clientes@ofertop.pe y te daremos una pronta solución (Coloca en el asunto: Cupón no recibido).|http://ofertop.pe/ronda-marina-para-4-personas-piqueo-encuentro-marino--109-11711.html|True|b151e24a815827ae5eec8f51a21e7cba76f7f99f
11707|¡Para 2! Entradas + Plato de fondo en Restaurante En su Punto|¡Delicia criollo-marina para 2! S/. 29 en vez de S/. 68 por 2 Entradas + 2 Platos de fondo en Restaurante EN SU PUNTO|68.0|57.0|39.0|06-04-2015 22:00:00|'2015/04/09 23:59:59'|Todo sobre la oferta^^Si eres fanático de la comida criolla y marina, entonces "incrusta este OferTOP con el tenedor". ¡Aprovecha este 57% de descuento en un rico almuerzo para 2 personas! Chequea la carta y escoge tu entrada y plato de fondo preferido. ¡A comeeer!^La oferta incluye:^^• 2 Entradas  ^^• 2 Platos de fondo ^^* Entradas: ^Podrás elegir entre:^^- Cebiche de pescado^^- Cebiche mixto^^- Leche de tigre ^^- Papa a la huancaína^^- Tequeños de queso^^- Choritos a la chalaca^^- Causa de langostino o pulpa de cangrejo^^- Causa de pollo^^- Ensalada de palta ^^* Platos de fondo: ^Podrás elegir entre:^^- Arroz con mariscos^^- Arroz chaufa de mariscos^^- Spaguetti a la huancaína con lomo^^- Chicharrón de calamar^^- Chicharrón mixto^^- Chicharrón de pescado^^- Lomo saltado^^- Bisteck a lo pobre^^- Arroz a la cubana^^- Tallarín saltado^^- Arroz chaufa de pollo y de carne^^- Tacu tacu con lomo saltado a lo pobre^^- Tortilla de langostino^^- Parihuela^^- Sudado ^^^ ¡Disfruta de un sabroso almuerzo en buena compañía!|Lo que debes Saber^^Podrás usar este cupón hasta el 24 de mayo de 2015.^^1 OferTOP para 2 personas.^^Máximo 1 OferTOP por mesa. ^^Horario de atención: de lunes a domingo de 11:30 a.m. a 4 p.m.^^La atención se realizará previa reserva, con 24 horas de anticipación, llamando al 99395-9302 o escribiendo a gerencia.ensupunto@gmail.com^^Oferta no válida para feriados. ^^Solo válido para consumir en local. ^^No incluye bebidas.^^No acumulable con otras promociones.^^Stock mínimo: 10.^^No olvides presentar tu cupón impreso en el establecimiento.^^Las imágenes mostradas son referenciales.^^Una vez realizada la reserva se aceptará cancelaciones.^^Conoce las Políticas y condiciones que aplican a todas nuestras ofertas.^^Realiza tus pagos en efectivo.^^¡Te enviaremos tu OferTOP después de realizar tu compra! No más esperas, para que lo puedas disfrutar cuando te provoque, previa reserva. ^^Si en un plazo de 1 hora luego de realizar tu compra no recibes tu cupón OferTOP en tu correo electrónico registrado, por favor escríbenos a clientes@ofertop.pe y te daremos una pronta solución (Coloca en el asunto: Cupón no recibido).|http://ofertop.pe/para-2-entradas-plato-fondo-restaurante-punto--109-11707.html|True|f5b3f8ed394eaf010c5870bd54d5ff6d1021bf99
11616|¡Comiendo con palitos! Tabla de 48 cortes de makis en Sushi Bar del Pilar|¡Coge tus palitos! S/. 58 en vez de S/. 160 por Tabla de 48 cortes de makis en SUSHI BAR DEL PILAR|160.0|64.0|102.0|06-04-2015 22:00:00|'2015/04/09 23:59:59'|Todo sobre la oferta^^Si tu placer por los makis no tiene límites, aprovecha este descuento de 64% por esta fuente espectacular de 48 makis. Alista tus palitos preferidos y hasta sácales filo. ¡Qué banquete nikkei el que te espera!^La oferta incluye:^• 1 Tabla grande con 48 cortes de makis: Sushi Bar Del Pilar, ofrece esta riquísima tabla con 48 makis para que te deleites con los sabores más exquisitos, conjugados como nunca en base a la cocina nikkei. Entre los sabores encontramos:^^^* Acebichado roll^^* Filadelfia roll^^* Cheese roll^^* California roll|Lo que debes Saber^^Podrás usar este cupón hasta el 30 de abril del 2015.^^1 OferTOP para 2 personas.^^Horario de atención: de lunes a sábado de 1 p.m. a 4 p.m. (almuerzo) y de 6 p.m. a 11 p.m. (cena)^^La atención se realizará previa reserva, con 24 horas de anticipación, llamando al 712-0712 anexo 5125 o 5904.^^No olvides presentar tu cupón impreso en el establecimiento.^^Oferta no válida para domingos. ^^Válido para feriados excepto los fechados en domingo.^^Las imágenes mostradas son referenciales.^^Stock mínimo disponible: 10.^^Reservas sujetas a disponibilidad.^^Conoce las Políticas y condiciones que aplican a todas nuestras ofertas.^^Realiza tus pagos en efectivo.^^¡Te enviaremos tu OferTOP después de realizar tu compra! No más esperas, para que lo puedas disfrutar cuando te provoque.^^Si en un plazo de 1 hora luego de realizar tu compra no recibes tu cupón OferTOP en tu correo electrónico registrado, por favor escríbenos a clientes@ofertop.pe y te daremos una pronta solución (Coloca en el asunto: Cupón no recibido).|http://ofertop.pe/comiendo-palitos-tabla-48-cortes-makis-sushi-pilar--109-11616.html|True|625da7db09b7bfc2411c96cf54d97ebc29f9705d
